<?xml version='1.0' ?>
<xsl:stylesheet version="1.0" xmlns:xsl="http://www.w3.org/1999/XSL/Transform">
 <xsl:template match="/">
  <fo:root xmlns:fo="http://www.w3.org/1999/XSL/Format">
   <fo:layout-master-set>
    <fo:simple-page-master master-name="default-page" page-height="8.5in"
                           page-width="11in" margin-left="0.5in"
                           margin-right="0.5in" margin-top="0.25in"
                           margin-bottom="0.25in">
     <fo:region-body margin-top="0.25in" margin-bottom="0.5in"/>
     <fo:region-before extent="1.0in"/>
     <fo:region-after extent="0.3in"/>
    </fo:simple-page-master>
   </fo:layout-master-set>
   <fo:page-sequence master-reference="default-page">
    <fo:static-content flow-name="xsl-region-before" font-size="8pt"
                       font-family="times,serif" color="red"
                       text-align="center">
     <fo:table>
      <fo:table-column column-width="5in"/>
      <fo:table-column column-width="5in"/>
      <fo:table-body>
       <fo:table-row>
        <fo:table-cell>
         <fo:block text-align="start" color="#006633" font-size="12pt"
                   font-family="times,serif" font-weight="bold">
          <fo:block>
           <xsl:text>APress Expert Oracle APEX - Chapter 14 Report Printing</xsl:text>
          </fo:block>
         </fo:block>
        </fo:table-cell>
        <fo:table-cell>
         <fo:block text-align="end" color="black">
          <xsl:value-of select="DOCUMENT/DATE"/>
         </fo:block>
        </fo:table-cell>
       </fo:table-row>
      </fo:table-body>
     </fo:table>
    </fo:static-content>
    <fo:static-content flow-name="xsl-region-after" font-size="8pt"
                       font-family="times,serif" color="red"
                       text-align="center">
     <fo:block>This report was made using a Report Query and a customized XSL-FO
               Report Layout</fo:block>
     <fo:table>
      <fo:table-column column-width="5in"/>
      <fo:table-column column-width="5in"/>
      <fo:table-body>
       <fo:table-row>
        <fo:table-cell>
         <fo:block text-align="start" color="black">
          <xsl:value-of select="DOCUMENT/USER_NAME"/>
         </fo:block>
        </fo:table-cell>
        <fo:table-cell>
         <fo:block text-align="right" color="black">
          Page
          <fo:page-number/>
          of
          <fo:page-number-citation ref-id="EndOfDocument"/>
         </fo:block>
        </fo:table-cell>
       </fo:table-row>
      </fo:table-body>
     </fo:table>
    </fo:static-content>
    <fo:flow flow-name="xsl-region-body">
     <fo:block>
      <fo:block text-align="center">
       <fo:block>
        <fo:inline font-family="times,serif">Sample Interactive Report XSL-FO
                                             Demo Simple Table</fo:inline>
       </fo:block>
       <fo:block>
        <fo:table width="10in" border-style="solid" border-width="thin"
                  background-repeat="repeat">
         <fo:table-column column-width="1.0in"/>
         <fo:table-column column-width="1.5in"/>
         <fo:table-column column-width="2.0in"/>
         <fo:table-column column-width="1.0in"/>
         <fo:table-column column-width="1.0in"/>
         <fo:table-column column-width="1.0in"/>
         <fo:table-column column-width="1.0in"/>
         <fo:table-column column-width="0.5in"/>
         <fo:table-column column-width="0.5in"/>
         <fo:table-column column-width="0.5in"/>
         <fo:table-header>
          <fo:table-row background-color="green" border-style="solid"
                        border-width="thin" border-color="green">
           <fo:table-cell border-style="solid" border-width="1pt"
                          border-color="gray" padding="2pt"
                          background-repeat="repeat" display-align="center">
            <fo:block font-family="times,serif" font-size="9pt" color="#FFFFFF"
                      background-color="#008000">
             <fo:block>
              <xsl:text>Department</xsl:text>
             </fo:block>
            </fo:block>
           </fo:table-cell>
           <fo:table-cell border-style="solid" border-width="1pt"
                          border-color="gray" padding="2pt"
                          background-repeat="repeat" display-align="center">
            <fo:block font-family="times,serif" font-size="9pt"
                      text-align="center" color="#FFFFFF"
                      background-color="#008000">
             <fo:block>
              <xsl:text>Project</xsl:text>
             </fo:block>
            </fo:block>
           </fo:table-cell>
           <fo:table-cell border-style="solid" border-width="1pt"
                          border-color="gray" padding="2pt"
                          background-repeat="repeat" display-align="center">
            <fo:block font-family="times,serif" font-size="9pt" color="#FFFFFF"
                      background-color="#008000">
             <fo:block>
              <xsl:text>Task</xsl:text>
             </fo:block>
            </fo:block>
           </fo:table-cell>
           <fo:table-cell border-style="solid" border-width="1pt"
                          border-color="gray" padding="2pt"
                          background-repeat="repeat" display-align="center">
            <fo:block font-family="times,serif" font-size="9pt" color="#FFFFFF"
                      background-color="#008000">
             <fo:block>
              <xsl:text>Start Date</xsl:text>
             </fo:block>
            </fo:block>
           </fo:table-cell>
           <fo:table-cell border-style="solid" border-width="1pt"
                          border-color="gray" padding="2pt"
                          background-repeat="repeat" display-align="center">
            <fo:block font-family="times,serif" font-size="9pt" color="#FFFFFF"
                      background-color="#008000">
             <fo:block>
              <xsl:text>End Date</xsl:text>
             </fo:block>
            </fo:block>
           </fo:table-cell>
           <fo:table-cell border-style="solid" border-width="1pt"
                          border-color="gray" padding="2pt"
                          background-repeat="repeat" display-align="center">
            <fo:block font-family="times,serif" font-size="9pt" color="#FFFFFF"
                      background-color="#008000">
             <fo:block>
              <xsl:text>Status</xsl:text>
             </fo:block>
            </fo:block>
           </fo:table-cell>
           <fo:table-cell border-style="solid" border-width="1pt"
                          border-color="gray" padding="2pt"
                          background-repeat="repeat" display-align="center">
            <fo:block font-family="times,serif" font-size="9pt" color="#FFFFFF"
                      background-color="#008000">
             <fo:block>
              <xsl:text>Assigned</xsl:text>
             </fo:block>
            </fo:block>
           </fo:table-cell>
           <fo:table-cell border-style="solid" border-width="1pt"
                          border-color="gray" padding="2pt"
                          background-repeat="repeat" display-align="center">
            <fo:block font-family="times,serif" font-size="9pt" color="#FFFFFF"
                      background-color="#008000">
             <fo:block>
              <xsl:text>Cost</xsl:text>
             </fo:block>
            </fo:block>
           </fo:table-cell>
           <fo:table-cell border-style="solid" border-width="1pt"
                          border-color="gray" padding="2pt"
                          background-repeat="repeat" display-align="center">
            <fo:block font-family="times,serif" font-size="9pt" color="#FFFFFF"
                      background-color="#008000">
             <fo:block>
              <xsl:text>Budget</xsl:text>
             </fo:block>
            </fo:block>
           </fo:table-cell>
           <fo:table-cell border-style="solid" border-width="0.5pt"
                          border-color="gray" padding="2pt"
                          background-repeat="repeat" display-align="center">
            <fo:block font-family="times,serif" font-size="8pt" color="#FFFFFF"
                      background-color="#008000">
             <fo:block>
              <xsl:text>Balance</xsl:text>
             </fo:block>
            </fo:block>
           </fo:table-cell>
          </fo:table-row>
         </fo:table-header>
         <fo:table-body>
          <xsl:for-each select="DOCUMENT/REGION/ROWSET/ROW">
           <xsl:variable name="rowbg">
            <xsl:value-of select="ROWBG"/>
           </xsl:variable>
           <fo:table-row background-color="{$rowbg}">
            <fo:table-cell border-style="solid" border-width="0.5pt"
                           border-color="gray" padding="2pt"
                           background-repeat="repeat" display-align="center">
             <fo:block font-family="times,serif" font-size="8pt">
              <fo:block>
               <xsl:value-of select="DEPARTMENT"/>
              </fo:block>
             </fo:block>
            </fo:table-cell>
            <fo:table-cell border-style="solid" border-width="0.5pt"
                           border-color="gray" padding="2pt"
                           background-repeat="repeat" display-align="center">
             <fo:block font-family="times,serif" font-size="8pt">
              <fo:block>
               <xsl:value-of select="PROJECT"/>
              </fo:block>
             </fo:block>
            </fo:table-cell>
            <fo:table-cell border-style="solid" border-width="0.5pt"
                           border-color="gray" padding="2pt"
                           background-repeat="repeat" display-align="center">
             <fo:block font-family="times,serif" font-size="8pt">
              <fo:block>
               <xsl:value-of select="TASK_NAME"/>
              </fo:block>
             </fo:block>
            </fo:table-cell>
            <fo:table-cell border-style="solid" border-width="0.5pt"
                           border-color="gray" padding="2pt"
                           background-repeat="repeat" display-align="center">
             <fo:block font-family="times,serif" font-size="8pt">
              <fo:block>
               <xsl:value-of select="START_DATE"/>
              </fo:block>
             </fo:block>
            </fo:table-cell>
            <fo:table-cell border-style="solid" border-width="0.5pt"
                           border-color="gray" padding="2pt"
                           background-repeat="repeat" display-align="center">
             <fo:block font-family="times,serif" font-size="8pt">
              <fo:block>
               <xsl:value-of select="END_DATE"/>
              </fo:block>
             </fo:block>
            </fo:table-cell>
            <fo:table-cell border-style="solid" border-width="0.5pt"
                           border-color="gray" padding="2pt"
                           background-repeat="repeat" display-align="center">
             <fo:block font-family="times,serif" font-size="8pt">
              <xsl:variable name="statcolor">
               <xsl:choose>
                <xsl:when test="STATUS='Pending'">orange</xsl:when>
                <xsl:when test="STATUS='Closed'">red</xsl:when>
                <xsl:when test="STATUS='On-Hold'">blue</xsl:when>
                <xsl:when test="STATUS='Open'">green</xsl:when>
                <xsl:otherwise>black</xsl:otherwise>
               </xsl:choose>
              </xsl:variable>
              <fo:inline color="{$statcolor}">
               <xsl:value-of select="STATUS"/>
              </fo:inline>
             </fo:block>
            </fo:table-cell>
            <fo:table-cell border-style="solid" border-width="0.5pt"
                           border-color="gray" padding="2pt"
                           background-repeat="repeat" display-align="center">
             <fo:block font-family="times,serif" font-size="8pt">
              <fo:block>
               <xsl:value-of select="ASSIGNED_TO"/>
              </fo:block>
             </fo:block>
            </fo:table-cell>
            <fo:table-cell border-style="solid" border-width="0.5pt"
                           border-color="gray" padding="2pt"
                           background-repeat="repeat" display-align="center">
             <fo:block font-family="times,serif" font-size="8pt">
              <fo:block>
               <xsl:value-of select="COST"/>
              </fo:block>
             </fo:block>
            </fo:table-cell>
            <fo:table-cell border-style="solid" border-width="0.5pt"
                           border-color="gray" padding="2pt"
                           background-repeat="repeat" display-align="center">
             <fo:block font-family="times,serif" font-size="8pt">
              <fo:block>
               <xsl:value-of select="BUDGET"/>
              </fo:block>
             </fo:block>
            </fo:table-cell>
            <fo:table-cell border-style="solid" border-width="0.5pt"
                           border-color="gray" padding="2pt"
                           background-repeat="repeat" display-align="center">
             <fo:block font-family="times,serif" font-size="8pt">
              <fo:block>
               <xsl:value-of select="BALANCE"/>
              </fo:block>
             </fo:block>
            </fo:table-cell>
           </fo:table-row>
          </xsl:for-each>
         </fo:table-body>
        </fo:table>
       </fo:block>
      </fo:block>
     </fo:block>
     <fo:block id="EndOfDocument"></fo:block>
    </fo:flow>
   </fo:page-sequence>
  </fo:root>
 </xsl:template>
</xsl:stylesheet>
<!-- Stylus Studio meta-information - (c) 2004-2009. Progress Software Corporation. All rights reserved.

<metaInformation>
	<scenarios/>
	<MapperMetaTag>
		<MapperInfo srcSchemaPathIsRelative="yes" srcSchemaInterpretAsXML="no" destSchemaPath="" destSchemaRoot="" destSchemaPathIsRelative="yes" destSchemaInterpretAsXML="no"/>
		<MapperBlockPosition></MapperBlockPosition>
		<TemplateContext></TemplateContext>
		<MapperFilter side="source"></MapperFilter>
	</MapperMetaTag>
</metaInformation>
-->